tname,count
搞笑,728
单机游戏,516
日常,512
手机游戏,370
同人·手书,365
影视杂谈,361
美食制作,304
人文历史,302
出行,289
科学科普,273
电子竞技,252
美食侦探,214
手工,208
数码,195
社科·法律·心理,168
动漫杂谈,165
小剧场,162
综合,154
原创音乐,137
鬼畜调教,131
网络游戏,127
财经商业,125
鬼畜剧场,124
影视剪辑,124
仿妆cos,117
翻唱,112
三农,110
绘画,100
美妆护肤,94
演奏,83
汽车生活,80
穿搭,78
运动综合,75
健身,68
MAD·AMV,68
美食记录,67
MV,66
短片,64
宅舞,63
美食测评,61
喵星人,59
乐评盘点,58
特摄,56
时尚潮流,52
桌游棋牌,50
动物二创,50
MMD·3D,49
极客DIY,49
人力VOCALOID,48
新能源车,47
模玩·周边,47
热点,44
家居房产,44
音乐综合,42
VOCALOID·UTAU,37
综艺,36
校园学习,34
音乐现场,33
配音,33
野生技能协会,32
娱乐杂谈,30
明星综合,28
社会,28
舞蹈综合,28
国风舞蹈,25
田园美食,24
足球,24
GMV,24
汪星人,20
明星舞蹈,20
软件应用,19
赛车,18
竞技体育,18
设计·创意,16
野生动物,15
职业职场,15
国产原创相关,15
计算机技术,14
颜值·网红舞,13
亲子,12
小宠异宠,12
预告·资讯,11
街舞,11
改装玩车,10
影视整活,9
娱乐粉丝创作,7
科工机械,6
音乐教学,6
动物综合,6
电台,6
环球,5
运动文化,5
篮球,5
国产动画,3
汽车知识科普,3
房车,2
音MAD,2
音游,2
娱乐资讯,2
摩托车,2
音乐粉丝饭拍,2
资讯,1
人文·历史,1
购车攻略,1
AI影像,1
社会·美食·旅行,1
动态漫·广播剧,1
